BALL_DIST,BALL_DISTRELRIM1,BALL_DISTRELRIM2,BALL_DIST_RIM1,BALL_DIST_RIM2,BALL_SPEED,BALL_VELRELRIM1,BALL_VELRELRIM2,BALL_XLOC,BALL_YLOC,BALL_ZLOC,EVENT_NUM,EVENT_QUARTER,EVENT_TIME,GAME_CLOCK,GAME_ID,MIN_VEL,OFFENSIVE_REB,PLAYER10_DIST_RIM1,PLAYER10_DIST_RIM2,PLAYER10_ID,PLAYER10_TEAMID,PLAYER10_XLOC,PLAYER10_YLOC,PLAYER1_DIST_RIM1,PLAYER1_DIST_RIM2,PLAYER1_ID,PLAYER1_TEAMID,PLAYER1_XLOC,PLAYER1_YLOC,PLAYER2_DIST_RIM1,PLAYER2_DIST_RIM2,PLAYER2_ID,PLAYER2_TEAMID,PLAYER2_XLOC,PLAYER2_YLOC,PLAYER3_DIST_RIM1,PLAYER3_DIST_RIM2,PLAYER3_ID,PLAYER3_TEAMID,PLAYER3_XLOC,PLAYER3_YLOC,PLAYER4_DIST_RIM1,PLAYER4_DIST_RIM2,PLAYER4_ID,PLAYER4_TEAMID,PLAYER4_XLOC,PLAYER4_YLOC,PLAYER5_DIST_RIM1,PLAYER5_DIST_RIM2,PLAYER5_ID,PLAYER5_TEAMID,PLAYER5_XLOC,PLAYER5_YLOC,PLAYER6_DIST_RIM1,PLAYER6_DIST_RIM2,PLAYER6_ID,PLAYER6_TEAMID,PLAYER6_XLOC,PLAYER6_YLOC,PLAYER7_DIST_RIM1,PLAYER7_DIST_RIM2,PLAYER7_ID,PLAYER7_TEAMID,PLAYER7_XLOC,PLAYER7_YLOC,PLAYER8_DIST_RIM1,PLAYER8_DIST_RIM2,PLAYER8_ID,PLAYER8_TEAMID,PLAYER8_XLOC,PLAYER8_YLOC,PLAYER9_DIST_RIM1,PLAYER9_DIST_RIM2,PLAYER9_ID,PLAYER9_TEAMID,PLAYER9_XLOC,PLAYER9_YLOC,QUARTER,SHOOTER_ID,SHOT_CLOCK,SHOT_DISTANCE,SHOT_TIME,VEL_PCT_RIM1,VEL_PCT_RIM2,Z_ACC,Z_VEL
0.6194454039703585,0.37085652429408356,-0.6138793437912424,78.67471800689852,6.637983388424525,15.486135099258963,9.271413107352089,-15.34698359478106,83.80029,20.576970000000003,14.54780999999999,9.0,1.0,625.0,628.45,21500001.0,-9.901611159315873,0.0,78.02078034444735,10.48242841885887,203484.0,1610612765.0,82.79258,33.624990000000004,82.32492021643324,4.871049028915642,203145.0,1610612737.0,87.44111,29.6919,74.32078868510008,23.00864773895458,2594.0,1610612737.0,76.90528,44.725629999999995,58.622865768273385,26.976193595186853,200794.0,1610612737.0,63.221109999999996,33.71727,68.93800698628951,20.921996253744524,201143.0,1610612737.0,72.83664,11.417110000000001,80.82241033499805,23.585246921726302,201952.0,1610612737.0,82.78442,2.18168,72.38952467022835,11.326213046804302,101141.0,1610612765.0,77.61054,27.0483,81.12614603328079,2.633524295160389,202694.0,1610612765.0,86.36836,26.12394,80.53630481108814,15.940533636754449,202704.0,1610612765.0,84.31734,9.68817,69.22013372640363,19.20310477764468,203083.0,1610612765.0,73.48304,13.35186,1.0,201143.0,8.38,20.0,627.0,7.005248182536077,-9.901611159315873,-15.217500000003215,1.2699999999999267
0.7996474966508811,0.7917615397683875,-0.796488534511238,77.95282472944326,5.552361956798197,19.991187416272027,19.794038494209687,-19.91221336278095,83.20248000000001,24.76817,12.15585800000001,21.0,1.0,568.0,572.33,21500001.0,-9.80142143899817,0.0,86.90038765680451,13.818235231132087,203484.0,1610612765.0,91.07625,38.62102,84.50025603392336,7.120443792250593,203145.0,1610612737.0,89.45265,32.08569,71.6334772983931,24.279988876838473,200794.0,1610612737.0,74.19663,5.56505,74.54307504667688,16.622386032531548,201143.0,1610612737.0,78.61896,38.17823,68.63404139118212,14.924547151806644,201952.0,1610612737.0,73.87359000000001,23.80228,83.36474530090642,14.68938967707645,2594.0,1610612737.0,87.32276999999999,39.619890000000005,77.6654801497615,9.796270560422473,101141.0,1610612765.0,82.54467,17.419710000000002,83.8112916317873,4.151069138005293,202694.0,1610612765.0,88.95869,29.14582,72.49220134628898,11.389201290296871,202704.0,1610612765.0,77.69105,22.27722,75.77188469384208,7.766212722872071,203083.0,1610612765.0,81.01835,24.26812,1.0,201952.0,13.53,15.0,569.0,9.797235928844662,-9.80142143899817,-57.64750000000096,1.2636499999999717
0.5683755744224045,0.49716072056740757,-0.5680689276824724,78.21876066366687,6.0841170074218685,14.209389360560111,12.42901801418519,-14.20172319206181,83.41412,22.07684,13.920720000000006,29.0,1.0,529.0,531.69,21500001.0,-9.890824996637175,0.0,80.02482087270737,18.312580531123952,203484.0,1610612765.0,83.33905,7.50508,54.239809844416854,31.17056515301736,201952.0,1610612737.0,58.798519999999996,33.632090000000005,68.28437980156956,19.082490793525874,201143.0,1610612737.0,72.74021,14.61597,76.48927019558037,7.7325031556734585,200794.0,1610612737.0,81.67555,21.8785,70.89239311434268,20.955584493840774,203145.0,1610612737.0,74.46464,40.33183,73.19896755690068,25.00747850936196,2594.0,1610612737.0,75.33961,3.89229,79.60840062250968,4.590913816877858,101141.0,1610612765.0,84.82288,22.622139999999998,82.57844178113439,5.125945473783344,202694.0,1610612765.0,87.67619,30.012209999999996,75.78358683464383,7.968190103404913,202704.0,1610612765.0,81.00994,26.89302,69.47008227315266,16.262090918408983,203083.0,1610612765.0,74.31519,17.51055,1.0,201143.0,7.06,18.0,530.0,7.755980250331161,-9.890824996637175,13.71250000000046,1.6089500000000534
0.645211879772841,0.6446099069008255,-0.6411984772393584,76.51118790286556,7.071099936190972,16.130296994321025,16.11524767252064,-16.02996193098396,81.75426,23.9704,15.150837999999997,35.0,1.0,475.0,477.02,21500001.0,-9.811548513616517,0.0,76.72584239078904,12.561367782857086,203484.0,1610612765.0,81.30579,14.88211,74.83505057047132,22.86244833531614,203145.0,1610612737.0,77.40475,44.84885,79.96228204525556,12.980708758962278,2594.0,1610612737.0,84.27825,12.81385,61.767223473833596,22.19014613891716,201143.0,1610612737.0,66.89693,21.14696,70.74520977919566,24.99390219038235,201952.0,1610612737.0,73.22868000000001,5.4096,57.28206626013154,28.83334554001842,200794.0,1610612737.0,61.6699,34.90101,75.32978712603003,9.117817636529038,101141.0,1610612765.0,80.48169,28.84313,80.95082192160929,6.885391766929459,202694.0,1610612765.0,85.95585,31.292959999999997,81.57238568606965,5.52873462167429,202704.0,1610612765.0,86.6616,19.88087,61.41904487962183,22.14407288474728,203083.0,1610612765.0,66.65233,23.56719,1.0,201143.0,12.22,19.0,476.0,9.739362102705048,-9.811548513616517,-5.9174999999977995,1.0860000000000536
0.48038612074038706,-0.12807354239599533,-0.47952706951824364,84.37735561304348,5.0376721062411365,12.009653018509676,-3.2018385598998833,-11.98817673795609,89.48,20.0155,13.479255999999982,61.0,1.0,336.0,339.09,21500001.0,-9.943946790351932,1.0,67.19920880633343,17.510155458967237,203484.0,1610612765.0,72.20436,30.73126,79.00105032690198,8.529189454672702,201168.0,1610612737.0,83.93664,17.95879,87.80380212071515,15.445244797467602,201952.0,1610612737.0,91.73624000000001,9.84619,85.87730725282437,4.703794319057756,200757.0,1610612737.0,91.02866,20.88498,83.01663444101068,2.627933391926057,200794.0,1610612737.0,88.22668,27.5753,56.0973278747259,27.73964986593198,2594.0,1610612737.0,61.236059999999995,28.531470000000002,82.10307044546445,2.1295484434264518,101141.0,1610612765.0,87.3376,26.593770000000003,85.44235604692616,2.938558634722133,202694.0,1610612765.0,90.66324,22.76961,85.45741266009695,10.76323178966708,202704.0,1610612765.0,90.03666,14.31395,77.75090292485677,12.231390584496106,203083.0,1610612765.0,82.30297,14.60564,1.0,201952.0,7.84,13.0,337.0,-1.2847695371727204,-9.943946790351932,-35.864999999997146,0.39450000000003094
0.405310095235735,-0.40367769584916147,0.3971283628372504,5.472744065137706,78.0568975017743,10.132752380893375,-10.091942396229037,9.92820907093126,10.695039999999999,25.549970000000002,14.200618000000002,70.0,1.0,292.0,296.97,21500001.0,-9.864952624304028,0.0,9.543798019200743,73.96278179348921,203934.0,1610612737.0,14.787970000000001,24.666520000000002,23.18666941416986,83.19128054382864,202694.0,1610612765.0,8.777439999999999,2.0832200000000003,10.291737384329236,76.82998918643683,203083.0,1610612765.0,12.28786,32.50922,19.435282893150795,69.4134724757147,101141.0,1610612765.0,20.41018,12.83862,12.183162182857126,71.3210435339655,203484.0,1610612765.0,17.429570000000002,24.70417,27.89575916445545,59.08454255861935,202704.0,1610612765.0,30.75563,13.702379999999998,8.451719556173169,82.74109519130262,200757.0,1610612737.0,6.43319,16.631510000000002,7.762291739976023,78.834305940095,200794.0,1610612737.0,10.146139999999999,31.02337,12.46622395104869,75.33745429464484,201168.0,1610612737.0,13.94416,16.06589,16.09973456815981,68.78095792561486,201952.0,1610612737.0,20.22384,19.08514,1.0,203484.0,10.38,11.0,295.0,-9.864952624304028,9.787518554823217,-48.60000000000086,0.7405499999999954
1.4804067109075125,-1.1876900832525061,1.3971627437942686,7.669164530260125,76.28257897182161,37.010167772687815,-29.692252081312652,34.929068594856716,12.50769,22.52169,14.827843999999988,83.0,1.0,231.0,234.39,21500001.0,-8.128583167403919,0.0,19.925935756458216,64.3377357836791,203934.0,1610612737.0,24.59101,20.20748,24.26961396929296,70.57893717121632,203484.0,1610612765.0,20.69837,43.71796,18.617891239525488,68.12047866983026,203083.0,1610612765.0,21.28878,34.45428,14.832748033486581,69.2573361762124,202694.0,1610612765.0,19.5954,21.22907,22.350521626351366,62.62046292522916,1626169.0,1610612765.0,26.51032,18.10474,18.62071621463847,73.37900327986269,202704.0,1610612765.0,16.83385,10.42106,10.248612339599932,82.2708496667404,200757.0,1610612737.0,7.09905,35.08043,8.341392858683735,76.14978256582812,200794.0,1610612737.0,12.69335,21.23498,10.954216468419819,74.30390601063311,201168.0,1610612737.0,14.65823,30.610709999999997,11.118764025646016,79.82848209416235,203471.0,1610612737.0,9.58108,14.75946,1.0,1626169.0,8.39,21.0,233.0,-8.128583167403919,7.332191681836923,-151.09249999999852,0.651050000000053
0.6677418053409491,0.44634623473058355,-0.6613999618432889,79.12432654852614,7.439412729362449,16.693545133523727,11.158655868264589,-16.53499904608222,84.15756999999999,30.852729999999998,14.836928000000006,85.0,1.0,222.0,225.33,21500001.0,-9.938356434289169,0.0,82.5295007631768,9.392881145803987,1626169.0,1610612765.0,87.25684,15.726560000000001,61.6629300021885,26.243707749759757,203471.0,1610612737.0,65.64421999999999,12.55592,72.26322333954734,20.25852554904478,200757.0,1610612737.0,75.81177,40.58878,70.00133371099226,13.610130099220203,201168.0,1610612737.0,75.23324000000001,26.591490000000004,85.98421882001429,21.493236984877363,200794.0,1610612737.0,88.50495,46.49184,81.54302664648708,11.797146463009602,203934.0,1610612737.0,85.98259,13.53204,82.93309412801442,7.5343481235007985,202694.0,1610612765.0,87.8451,32.47981,70.5610346918255,12.940415247626325,202704.0,1610612765.0,75.81081,25.17807,76.4415877788086,7.298700716243955,203083.0,1610612765.0,81.67093,26.77702,69.82322953831984,18.702864570992865,203484.0,1610612765.0,74.09872,36.62485,1.0,200757.0,16.42,19.0,224.0,5.611015335428395,-9.938356434289169,-39.369999999999685,3.21160000000007
1.1180704371818428,0.13690341091903235,-1.0590163878175538,85.03831461216174,9.777863881083638,27.951760929546072,3.422585272975809,-26.475409695438845,89.72999,15.271370000000001,15.001784000000006,97.0,1.0,129.0,131.91,21500001.0,-9.843798605813845,0.0,83.77825853811119,8.087598758506754,1626169.0,1610612765.0,88.63705,33.08681,83.57028337690437,14.749170610447898,203934.0,1610612737.0,87.51769,39.6976,86.0446010435408,21.05366924652565,200794.0,1610612737.0,88.67914,3.94645,63.68234200000029,21.405268804782615,203471.0,1610612737.0,68.54045,17.94595,80.32840953186736,6.1582893663256835,201168.0,1610612737.0,85.41155,19.825129999999998,60.97556878814743,25.45011373330383,200757.0,1610612737.0,65.3851,35.08909,85.19183400763772,20.74257413111738,202694.0,1610612765.0,87.8826,4.27557,78.97839786484657,6.905957522168809,202704.0,1610612765.0,84.06524,30.07398,80.26578903813007,4.954433359487231,203083.0,1610612765.0,85.43144000000001,21.3212,75.04792592104327,12.49363218005077,203484.0,1610612765.0,79.79101999999999,16.2921,1.0,200794.0,12.13,24.0,130.0,-1.7257745526596322,-9.843798605813845,-108.57875000000128,3.226099999999965
0.6388979175110847,0.6371566192049443,-0.636181831146291,77.42127254434469,6.080273216369474,15.972447937777117,15.928915480123607,-15.904545778657274,82.67116,24.86799,13.387007999999994,123.0,2.0,697.0,699.17,21500001.0,-9.830311743382033,0.0,80.24350429901226,10.520864136828305,1626169.0,1610612765.0,84.8942,15.211160000000001,72.3927783998328,25.235655815676758,203145.0,1610612737.0,74.56812,4.12627,77.89051819176194,9.274599947232234,203471.0,1610612737.0,82.81385999999999,32.12604,83.46747366504512,10.83000969644072,201143.0,1610612737.0,88.01515,35.80505,80.48984955660683,22.567181960652512,2594.0,1610612737.0,82.74454,46.753440000000005,67.55901382763739,16.023866554702085,203488.0,1610612737.0,72.79315,26.46398,81.00463981121636,19.527300656898277,2581.0,1610612765.0,84.0086,43.94293,81.14754938000038,3.828899369218262,101141.0,1610612765.0,86.3429,27.97764,65.96965495949256,17.917483514001056,201975.0,1610612765.0,71.13748000000001,28.29171,84.09045763180802,7.419957865574442,203382.0,1610612765.0,89.01286999999999,32.4153,2.0,203488.0,3.87,15.0,698.0,9.79984869624088,-9.830311743382033,-45.31874999999963,1.641300000000001
0.511960186440314,-0.5085805364006388,0.326400296112638,5.157386156203546,80.59036891567256,12.799004661007851,-12.71451341001597,8.16000740281595,8.26821,20.81801,12.846104000000002,125.0,2.0,685.0,689.02,21500001.0,-9.968460846764133,0.0,8.323270581670403,78.26379247887044,203488.0,1610612737.0,10.73686,18.741310000000002,16.144161938499625,79.4758013152211,201975.0,1610612765.0,10.737910000000001,9.817219999999999,27.616284460296246,61.942624156488556,2581.0,1610612765.0,28.591440000000002,39.75928,3.1531944908298972,83.5338598742869,203382.0,1610612765.0,5.27567,28.153090000000002,26.121332632453882,57.38356061186252,101141.0,1610612765.0,31.36797,25.41912,12.531636612262584,74.85346021515505,1626169.0,1610612765.0,14.38923,16.425829999999998,0.7014750071812966,82.84387869472131,2594.0,1610612737.0,5.90649,25.24716,14.677400984905333,68.92436637120214,201143.0,1610612737.0,19.84346,26.567490000000003,9.686504245650232,80.85419874379438,203145.0,1610612737.0,8.41573,15.845410000000001,13.55836706814283,76.74529449780293,203471.0,1610612737.0,12.83227,36.24004,2.0,1626169.0,14.65,15.0,687.0,-9.968460846764133,6.075884367005779,-17.247500000000525,1.205849999999975
0.4486460486842599,0.4347685473906324,-0.35907315839699994,77.6069527933999,6.396156023503492,11.216151217106496,10.86921368476581,-8.976828959924998,82.81993,22.60311,13.762552000000005,130.0,2.0,648.0,651.55,21500001.0,-9.50430469036139,0.0,79.53667186392576,12.288952810951788,1626169.0,1610612765.0,83.97643000000001,36.32393,53.522313951566026,29.990367965898656,203471.0,1610612737.0,58.767759999999996,25.698179999999997,77.16930063936177,18.803508480286332,201143.0,1610612737.0,80.54209,8.08249,78.44893657938583,23.962669726816753,203145.0,1610612737.0,80.41333,47.465740000000004,85.26529502064247,10.936389484523676,203488.0,1610612737.0,89.81775999999999,35.88414,65.66423291640054,18.133664673730458,2594.0,1610612737.0,70.85007,22.09788,68.38927181057713,15.130507882453916,2581.0,1610612765.0,73.63569,24.30007,81.88452692637969,4.722132988067998,101141.0,1610612765.0,87.01663,29.392490000000002,69.83884878409722,13.895613677992067,201975.0,1610612765.0,75.05015999999999,22.67568,77.92593956148171,9.759089431893734,203382.0,1610612765.0,82.79169,17.27094,2.0,2594.0,16.78,15.0,650.0,9.519924766142802,-9.50430469036139,-43.65000000000063,1.051650000000004
0.7080840210737679,-0.6795113308720548,0.5965822272553254,9.648571558246331,74.16375585900838,17.702100526844198,-16.98778327180137,14.914555681383135,14.62175,22.705389999999998,16.081926,146.0,2.0,561.0,563.89,21500001.0,-9.87971360636411,0.0,8.093281892761429,78.63362691492553,203488.0,1610612737.0,10.36679,18.72946,24.235851811603403,78.21020836843488,201975.0,1610612765.0,13.88946,2.35632,11.08338055184428,76.80526684060801,203382.0,1610612765.0,12.41193,16.54139,28.46322799929235,65.45696088377233,1626169.0,1610612765.0,26.194860000000002,44.273509999999995,22.50050914161944,61.49865682786982,2581.0,1610612765.0,27.384359999999997,20.95735,26.265457006250625,58.179550632049406,101141.0,1610612765.0,30.86236,19.17924,16.865602724183915,78.77754220112482,2594.0,1610612737.0,11.5422,9.3521,21.388991452906332,63.29847182493824,201143.0,1610612737.0,25.74726,18.88843,12.292407601198391,74.92988886041404,203145.0,1610612737.0,14.285120000000001,33.33486,13.02898247398468,70.49095923809946,203471.0,1610612737.0,18.26215,24.33793,2.0,101141.0,15.26,24.0,562.0,-9.87971360636411,9.288957435658025,-17.132499999996664,0.35015000000004903
0.35843681800283983,-0.3570469821172937,0.35118428283007574,4.793322312603232,78.73385573431864,8.960920450070995,-8.926174552932341,8.779607070751894,10.0177,25.49495,12.586384000000004,168.0,2.0,459.0,462.72,21500001.0,-9.830923035249691,1.0,9.493059532906132,76.90902430336313,203488.0,1610612737.0,12.12048,18.449070000000003,8.613298298242086,75.13811567756075,201975.0,1610612765.0,13.63744,26.959529999999997,24.447172423666913,70.2909420872455,101141.0,1610612765.0,20.9931,6.29655,3.8942880936314905,82.77565952474313,203083.0,1610612765.0,6.06201,21.19131,14.757663287478817,74.23432531993942,1626169.0,1610612765.0,15.305710000000001,35.80145,27.092561208601154,59.54225275249333,2581.0,1610612765.0,30.16603,35.63947,6.076102294135608,77.44408666314557,2594.0,1610612737.0,11.30738,25.47662,15.93743243151167,75.48817087801903,200757.0,1610612737.0,14.39843,38.05021,3.072250229538604,82.40253716647868,201168.0,1610612737.0,6.39677,22.1498,14.524363309866633,69.30156780013711,201952.0,1610612737.0,19.50449,27.78687,2.0,201975.0,16.9,12.0,461.0,-9.830923035249691,9.837242988988942,-21.47624999999986,0.30054999999999943
0.6443832778711807,-0.6292300098402155,-0.22211304379520413,8.72008529083288,84.12188286931884,16.109581946779517,-15.730750246005387,-5.552826094880103,5.08113,33.71845,14.179090000000002,176.0,2.0,390.0,392.85,21500001.0,-9.900784539491871,0.0,14.631517215371069,72.93431919215877,203488.0,1610612737.0,16.42914,34.43971,32.04494198687992,53.02678037503786,1626169.0,1610612765.0,36.311609999999995,17.12252,23.873618332753836,72.94263987749552,201975.0,1610612765.0,18.55282,5.176159999999999,11.005573384449349,77.66697789614645,203083.0,1610612765.0,11.604569999999999,33.985659999999996,29.84168807334632,63.39425949616338,101141.0,1610612765.0,28.26763,43.9925,22.48122362596173,88.4189151467066,2581.0,1610612765.0,3.21258,47.388709999999996,7.6594480128009215,81.62349480303327,2594.0,1610612737.0,7.45672,17.66532,9.48470287229389,74.14797541791482,200757.0,1610612737.0,14.61699,23.51034,8.550483248173755,79.10954319029595,201168.0,1610612737.0,9.962819999999999,32.13443,14.665169173088321,84.48058964564169,201952.0,1610612737.0,5.551480000000001,39.66207,2.0,2581.0,8.25,24.0,391.0,-9.900784539491871,-2.800693665841713,-7.260000000000044,0.3341499999999886
0.7410473438316971,0.7409564479128221,-0.7398587531331859,73.69371598109909,9.830232708481525,18.52618359579243,18.523911197820553,-18.496468828329647,78.9409,25.64423,14.742642,178.0,2.0,379.0,382.38,21500001.0,-9.926998631549042,0.0,76.22459587395724,13.920678724404931,1626169.0,1610612765.0,80.63116,13.69205,60.01211357737785,29.884324085113587,201952.0,1610612737.0,63.21785,40.53004,61.47914632419109,26.098000742418957,203488.0,1610612737.0,65.55436999999999,13.03888,77.43467328195167,11.794333227554661,201168.0,1610612737.0,82.07199,34.72165,59.87057907763462,23.691177241566105,2594.0,1610612737.0,65.10308,26.447429999999997,73.89664004451691,25.15372755415984,200757.0,1610612737.0,75.9102,3.37017,67.93314726249108,17.403370563982723,2581.0,1610612765.0,72.82056999999999,32.00932,71.94998007821336,12.023320808133674,101141.0,1610612765.0,77.13316999999999,21.90008,58.76411223845553,26.55794414433844,201975.0,1610612765.0,63.45446999999999,33.09077,79.12327445678231,6.964556752823541,203083.0,1610612765.0,84.19753,30.27068,2.0,2594.0,14.77,25.0,381.0,9.930552912409352,-9.926998631549042,-11.054999999999815,1.205949999999989
0.5767732110630656,-0.5763295360225973,0.5684887586661773,6.517435859484925,77.03184172913497,14.41933027657664,-14.408238400564931,14.212218966654433,11.72199,25.768320000000003,15.707304000000004,196.0,2.0,282.0,285.09,21500001.0,-9.827095906354309,0.0,15.957172345832454,67.82630182513712,203471.0,1610612737.0,20.97739,27.69825,18.24931450750137,65.26152924957935,203484.0,1610612765.0,23.49084,25.55609,25.443890678608888,72.48810787201579,101141.0,1610612765.0,19.412370000000003,46.138090000000005,7.013535303582636,76.95787514903593,203083.0,1610612765.0,11.83039,27.42655,22.44791935673549,81.5391562591035,202694.0,1610612765.0,10.20524,3.10583,28.742352838473398,57.61324402159021,202704.0,1610612765.0,32.070879999999995,14.667370000000002,8.403670844791579,81.91616314054022,200757.0,1610612737.0,7.2417,16.83576,6.295994117286005,77.71273931553885,200794.0,1610612737.0,11.074069999999999,27.3916,13.198324937248668,70.30341500346339,201168.0,1610612737.0,18.44686,24.80336,15.519243898054441,71.20139444678945,201952.0,1610612737.0,18.085079999999998,16.27603,2.0,203484.0,8.04,18.0,284.0,-9.827095906354309,9.763746777719934,-23.611249999998527,0.2645999999999926
0.8228139204583251,0.40491299166721717,-0.8121374718572962,80.39183504764897,8.066005351374372,20.57034801145813,10.12282479168043,-20.303436796432404,85.3101,17.704279999999997,15.736842000000001,200.0,2.0,258.0,261.05,21500001.0,-9.854621060319712,1.0,76.7300800913501,7.2606639383048135,203484.0,1610612765.0,81.93885,22.48495,83.42435832323855,4.229989556027297,201168.0,1610612737.0,88.56725,29.22604,56.39004090255654,27.22343977149104,201952.0,1610612737.0,61.60312,27.04024,79.01562747752182,4.5653374099293025,200794.0,1610612737.0,84.26124,24.16733,78.81363469653331,23.043629576926463,203471.0,1610612737.0,81.01545,3.29319,79.44683503892273,22.49628875396562,200757.0,1610612737.0,81.76477,46.38433,79.63305950382478,4.146196563080438,101141.0,1610612765.0,84.86966,26.460790000000003,82.81367854598962,6.989924485893968,202694.0,1610612765.0,87.77393000000001,31.921440000000004,79.48385092057946,22.490339196306046,202704.0,1610612765.0,81.8016,3.6099300000000003,83.06451209412417,2.446064070072572,203083.0,1610612765.0,88.27982,27.40045,2.0,203471.0,12.2,26.0,259.0,2.418288640831885,-9.854621060319712,-28.51250000000194,1.2035999999999714
0.8354239573414218,-0.8348470394543774,0.7152573103209079,10.347743564681142,74.277931694955,20.885598933535544,-20.871175986359436,17.881432758022697,14.603979999999998,20.5752,16.865198,206.0,2.0,232.0,235.17,21500001.0,-9.936466204411825,0.0,7.865460077071145,78.00264855903292,203471.0,1610612737.0,10.93684,30.43372,13.911226946840456,76.59759738507795,101141.0,1610612765.0,13.02593,36.53504,7.872289387751191,76.00289948550976,203083.0,1610612765.0,12.78163,27.290740000000003,23.4638832162837,77.84992142312926,203484.0,1610612765.0,14.00565,46.76907,20.655933445334778,80.86440061298977,202694.0,1610612765.0,10.3989,4.996090000000001,28.286041971067636,59.295610296117204,202704.0,1610612765.0,30.737309999999997,12.73227,14.445552831878745,80.32239268484598,200757.0,1610612737.0,9.61669,11.23025,11.97130763428123,74.2544044247518,200794.0,1610612737.0,14.84189,32.16295,6.274378177461093,77.22563066439665,201168.0,1610612737.0,11.52437,24.98987,24.732960306006635,62.44224664038363,201952.0,1610612737.0,27.315479999999997,13.82709,2.0,202704.0,4.02,25.0,233.0,-9.936466204411825,8.666007856365017,-50.222499999998945,0.7107500000000044
0.6073232635919676,-0.6034172910934883,0.04068597990197986,7.712666201230285,81.70960420863389,15.18308158979919,-15.085432277337206,1.0171494975494966,7.3774,32.41346,14.619478000000012,226.0,2.0,110.0,113.24,21500001.0,-9.93878664969541,1.0,12.270602078484167,72.13458369858733,203471.0,1610612737.0,16.74353,29.297259999999998,25.36283551593749,72.90882172555321,203484.0,1610612765.0,19.021420000000003,3.70161,20.03248112937836,79.54686951853542,202694.0,1610612765.0,11.51255,44.028420000000004,3.3369964206303835,85.69077053633781,203083.0,1610612765.0,3.09717,22.45032,26.895458767327245,57.153362388445714,202704.0,1610612765.0,31.77161,20.531229999999997,15.125321757916424,80.26158388843632,1626169.0,1610612765.0,9.79553,10.57386,18.15209142579719,82.21844989496275,200794.0,1610612737.0,8.494760000000001,42.85973,2.0054195775697417,84.96607162675052,201143.0,1610612737.0,3.79514,23.61975,8.473243265438565,77.21332489561176,201952.0,1610612737.0,11.72993,19.54048,3.3592694212432583,83.80512550580961,203145.0,1610612737.0,5.01189,21.649179999999998,2.0,202694.0,7.39,19.0,112.0,-9.93878664969541,1.6940949152790261,-3.373749999999731,1.091350000000002
0.8173562499914026,0.5912603696589969,-0.8168534629900233,77.14845405886628,8.225001743039325,20.433906249785064,14.781509241474922,-20.42133657475058,82.23493,19.979589999999998,15.056900000000002,234.0,2.0,34.0,37.64,21500001.0,-9.910389132010831,0.0,80.76936716356828,5.906406014091817,1626169.0,1610612765.0,85.85512,30.148329999999998,80.66784509357863,20.986305821692394,201143.0,1610612737.0,83.3286,4.72604,80.40375918301892,19.13700840677299,203471.0,1610612737.0,83.5182,6.59203,66.24986117941455,25.226515540036445,201952.0,1610612737.0,69.47106,8.730410000000001,76.57521774510863,19.365477859087285,203145.0,1610612737.0,79.86672,42.20782,85.5119439331027,2.611661390398839,200794.0,1610612737.0,90.74534,26.68505,85.50137184352658,2.5305961995150463,202694.0,1610612765.0,90.73701,26.56707,83.26958372474908,14.70215574985519,202704.0,1610612765.0,87.22556999999999,10.377089999999999,82.00562066100653,6.491888014815102,203083.0,1610612765.0,87.01663,18.7438,68.10469675763117,26.95592848426669,203484.0,1610612765.0,70.42291999999999,5.23285,2.0,201952.0,5.68,24.0,36.0,6.716827015252466,-9.910389132010831,-88.13250000000106,0.3402499999999975
0.36028508781241186,-0.3560145490787541,0.0780452569462824,9.73742224985648,79.41870656257254,9.007127195310296,-8.900363726968852,1.9511314236570598,9.79932,16.390639999999998,17.375288000000005,236.0,2.0,5.0,10.03,21500001.0,-9.923403546033578,1.0,13.830383916728417,69.86784860924301,203471.0,1610612737.0,18.91475,22.86596,23.626417460139827,76.14084621279699,203484.0,1610612765.0,15.62742,3.7746199999999996,4.8760073444571415,81.42689277887987,1626169.0,1610612765.0,7.43974,29.356659999999998,30.74459579962144,53.07684561917842,202704.0,1610612765.0,35.790890000000005,21.4667,12.395888613830799,71.15930553712914,202694.0,1610612765.0,17.59887,23.92136,6.046996797196109,84.16642965140734,203083.0,1610612765.0,4.799869999999999,31.03022,6.016347659012068,84.1229712335109,200794.0,1610612737.0,4.84145,31.00246,5.538865378252119,78.24187031045717,201143.0,1610612737.0,10.52628,23.3148,11.582242136274823,78.80703358776614,201952.0,1610612737.0,10.61437,14.73492,4.8760073444571415,81.42689277887987,203145.0,1610612737.0,7.43974,29.356659999999998,2.0,203484.0,0.22,24.0,8.0,-9.923403546033578,2.2668558880063454,-33.67375000000061,1.036199999999976
0.9441657905791756,-0.9365735021152286,0.5813920692094712,10.040293759945474,75.99768324617534,23.60414476447939,-23.414337552880713,14.53480173023678,13.01892,31.36014,15.247107999999994,242.0,3.0,711.0,713.93,21500001.0,-9.961586268022698,0.0,25.09352689215687,64.41676056654354,203484.0,1610612765.0,25.92315,39.22343,14.754207010673264,79.2021761980932,200794.0,1610612737.0,10.740730000000001,38.69447,26.62586255670227,64.77094500536795,2594.0,1610612737.0,26.123720000000002,41.5295,15.594481494580062,72.34543947675486,201143.0,1610612737.0,17.11572,14.881079999999999,29.937491665977962,53.95730383600074,201952.0,1610612737.0,34.93331,21.107120000000002,22.503285191922533,80.70536608199605,203145.0,1610612737.0,11.03019,46.74827,11.253660919549693,80.60269694056272,101141.0,1610612765.0,8.85539,35.66049,16.593478460591076,80.07079790674064,202694.0,1610612765.0,10.25755,40.81986,14.182505264529254,69.31750107713347,202704.0,1610612765.0,19.4325,24.987779999999997,7.234472113872579,77.40485919350542,203083.0,1610612765.0,11.43608,21.249000000000002,3.0,2594.0,17.95,26.0,712.0,-9.961586268022698,6.668317034199155,-58.78124999999956,0.19294999999996953
0.5039427159906208,-0.4974172635640528,0.0441906125396514,5.828191592672635,83.74643644502673,12.59856789976552,-12.43543158910132,1.104765313491285,5.2066,30.82803,13.704426000000002,245.0,3.0,684.0,689.42,21500001.0,-9.920512474988547,0.0,9.686585652813894,73.85294666842549,203484.0,1610612765.0,14.901629999999999,25.82218,27.738200726386346,56.549314050104094,2594.0,1610612737.0,32.45858,19.60547,11.138104700360831,75.05087745200719,200794.0,1610612737.0,14.014510000000001,18.12681,21.68368390016097,77.7948600325375,203145.0,1610612737.0,13.5757,4.97839,18.512000986873353,87.48861709124222,201952.0,1610612737.0,3.21818,43.40016,8.991035068889454,76.08821466961884,201143.0,1610612737.0,12.8169,29.855999999999998,5.626384822263759,80.17381976785315,101141.0,1610612765.0,8.699489999999999,20.55509,6.694064807013748,83.0688834259887,202694.0,1610612765.0,5.94833,18.34246,13.552776460585484,86.25047663515025,202704.0,1610612765.0,3.55409,38.44625,6.313179769062498,80.44230509375338,203083.0,1610612765.0,8.49037,30.41814,3.0,201952.0,10.61,16.0,687.0,-9.920512474988547,-0.9525731474141107,-55.72500000000091,0.2911499999999734
0.9113239804262819,0.6759299124933023,-0.8527138138847032,78.25590560067975,10.528905041954744,22.78309951065705,16.898247812332556,-21.31784534711758,83.00676,16.17543,15.387580000000009,253.0,3.0,658.0,660.81,21500001.0,-9.829785831067168,0.0,82.64244692938914,3.9983739791195143,203145.0,1610612737.0,87.80112,21.11585,53.40720480592952,30.097691691930457,202704.0,1610612765.0,58.655440000000006,25.43417,70.9393587003449,24.93633378859451,202694.0,1610612765.0,73.41060999999999,5.33979,81.59301047589065,3.347655675065761,203083.0,1610612765.0,86.79768,27.71942,87.15073485739521,23.956124606955942,203484.0,1610612765.0,89.04404,1.04568,71.40718908821435,21.033118016119246,101141.0,1610612765.0,74.8838,40.8152,67.13268851729461,29.3042883817386,2594.0,1610612737.0,68.84465,3.49376,76.80331860866235,8.575113369728706,200794.0,1610612737.0,81.88154,30.13389,78.0293072012779,6.94198331252676,201143.0,1610612737.0,83.16995,20.87033,59.292022056281745,24.398908367437258,201952.0,1610612737.0,64.48645,27.56649,3.0,202694.0,15.26,25.0,659.0,5.510565371449648,-9.829785831067168,-47.781249999999666,0.03210000000004598
0.09114000877770709,-0.00450949822493385,-0.09069893840305454,83.19682339384178,4.054434957685226,2.278500219442677,-0.11273745562334625,-2.2674734600763635,88.34894,29.03455,15.212106000000006,256.0,3.0,632.0,635.25,21500001.0,-9.943484444793183,0.0,82.88179395416884,11.277007983561067,203145.0,1610612737.0,87.37258,13.807429999999998,82.2111952303383,16.395837313196296,202704.0,1610612765.0,85.86142,41.139379999999996,58.84162600371441,25.698169599428674,101141.0,1610612765.0,63.77809,31.066270000000003,83.09006505341598,3.115487214048549,203083.0,1610612765.0,88.28295,21.91972,81.51346330770396,21.83546061837029,202694.0,1610612765.0,83.93208,3.7027,81.78578295184377,6.668978410978704,203484.0,1610612765.0,86.78706,18.62645,80.83834495351633,5.783700789606945,2594.0,1610612737.0,85.93046,19.950110000000002,81.14229423865275,3.1646554807909157,200794.0,1610612737.0,86.36561,22.9192,81.8319599798954,14.382617778109791,201143.0,1610612737.0,85.85994000000001,39.089259999999996,77.91048924240175,5.837507515232853,201952.0,1610612737.0,83.14352,26.625999999999998,3.0,202704.0,1.18,15.0,634.0,-0.6365670576000072,-9.943484444793183,-3.302499999999764,0.1834999999999809
0.6910082322230321,-0.6881439648974279,0.4562004491656495,8.906574365585234,77.94290433984162,17.2752058055758,-17.203599122435698,11.405011229141238,11.09719,31.71844,15.45172599999999,261.0,3.0,591.0,595.83,21500001.0,-9.924823919762105,0.0,8.615166726477208,75.49851155966586,203484.0,1610612765.0,13.31255,28.03585,6.400720297411847,79.07567097613335,200794.0,1610612737.0,9.802439999999999,29.499390000000002,5.6529779018496065,82.0743029160699,2594.0,1610612737.0,6.8548800000000005,19.579620000000002,18.111709516842964,68.99551450364363,201143.0,1610612737.0,20.459,15.16535,23.13151553173505,70.00267995437675,203145.0,1610612737.0,20.860429999999997,42.0699,31.25823577011345,52.366119996234204,201952.0,1610612737.0,36.43034,22.794620000000002,7.511152099551705,77.7906275579687,101141.0,1610612765.0,11.10201,29.70865,24.91301937392776,67.40318690036624,202694.0,1610612765.0,23.511789999999998,41.94596,11.611715333304547,71.9591901912584,202704.0,1610612765.0,16.800639999999998,26.18939,7.299375730190904,77.34831075111143,203083.0,1610612765.0,11.49413,21.21956,3.0,203145.0,13.52,25.0,594.0,-9.924823919762105,5.995229138589055,-2.2850000000007586,0.11839999999998518
0.49194613373824153,0.23730951885342222,-0.46180148933662046,82.89243607193904,3.9051053686808492,12.298653343456039,5.9327379713355555,-11.545037233415512,88.05333,21.15754,12.064782000000003,263.0,3.0,576.0,577.66,21500001.0,-9.555282849102653,0.0,76.42586789585971,9.055944657262435,203145.0,1610612737.0,81.48445,30.40573,81.00767108973446,21.096789456753836,101141.0,1610612765.0,83.62975,45.46601,55.2926294322218,28.34497944132258,202704.0,1610612765.0,60.496030000000005,22.73041,69.18072115305317,26.528362920777834,203484.0,1610612765.0,71.44442,45.10649,79.99168750891307,9.26334445670677,203083.0,1610612765.0,84.80156,16.6203,82.79115490775568,3.478231010154448,202694.0,1610612765.0,87.97171999999999,28.390040000000003,73.3464089640945,10.298113318865742,2594.0,1610612737.0,78.57871,23.38879,84.67195851658327,3.0406609534770532,200794.0,1610612737.0,89.87482,27.824959999999997,81.07923581893517,7.177432060458668,201143.0,1610612737.0,86.05585,18.3474,82.33863797694009,2.2559308273083163,201952.0,1610612737.0,87.56624000000001,26.9204,3.0,203083.0,9.49,10.0,576.0,4.540676781225449,-9.555282849102653,-40.95374999999901,0.6753000000000231
0.4374708018828207,-0.4369362814078457,0.18150337839335862,10.495693877533776,79.03715487016787,10.936770047070517,-10.923407035196142,4.537584459833965,10.253219999999999,34.22645,14.407372000000004,266.0,3.0,556.0,558.69,21500001.0,-9.826711046148278,0.0,16.657041573055523,67.93452733306165,203484.0,1610612765.0,21.02609,30.34528,14.315715546912068,77.24463496981588,201143.0,1610612737.0,12.49824,37.34515,29.267138878416183,54.34226484172793,2594.0,1610612737.0,34.44601,27.03922,1.4226983439928507,82.09853915008476,200794.0,1610612737.0,6.65182,25.24284,20.235212896621572,70.49787188966488,203145.0,1610612737.0,19.6917,10.826039999999999,24.250863189299057,75.6770661787711,201952.0,1610612737.0,16.22806,46.62375,3.2472862440043673,80.26893943456896,101141.0,1610612765.0,8.481689999999999,25.31788,6.4735124704367415,82.35273476761351,202694.0,1610612765.0,6.64032,18.67755,20.600661812274385,75.76768497917632,202704.0,1610612765.0,15.16554,43.057390000000005,7.522529818950539,79.02154380216196,203083.0,1610612765.0,9.94721,30.875770000000003,3.0,201952.0,6.28,25.0,557.0,-9.826711046148278,3.5093458599373903,-64.15500000000019,1.7147500000000093
0.5522881778564429,0.3382801252967482,-0.55149750729686,79.56413973175164,6.598125586384366,13.807204446411072,8.457003132418706,-13.7874376824215,84.64621,30.16664,13.855571999999995,284.0,3.0,444.0,446.86,21500001.0,-9.970696954145128,1.0,75.64561535747394,13.960592136829304,203145.0,1610612737.0,80.09796999999999,35.9563,60.54089966841589,28.154519222696738,203484.0,1610612765.0,64.20074,11.21556,57.76028601148803,28.735104665354882,202704.0,1610612765.0,62.0332,35.57917,71.06257929923598,12.77319641515779,101141.0,1610612765.0,76.26189000000001,22.31641,83.05313797563161,2.815096374780088,203083.0,1610612765.0,88.25688000000001,22.22843,73.08211047426381,17.98489620132682,202694.0,1610612765.0,77.04514,38.65477,75.06229465348164,10.291012032161852,2594.0,1610612737.0,80.10445,19.417939999999998,77.4151875843132,6.24581209406751,200794.0,1610612737.0,82.6533,26.35662,82.98141671150476,2.7336348418177567,201143.0,1610612737.0,88.18828,22.3247,72.35885892400806,12.220755082420233,201952.0,1610612737.0,77.45783,29.672659999999997,3.0,202694.0,10.15,19.0,445.0,6.255429158834634,-9.970696954145128,9.393750000001866,3.0700000000000394
0.8091742636787222,-0.8091590564700457,0.7647590139450386,8.881475153374014,75.0345100663688,20.229356591968056,-20.22897641175114,19.118975348625966,13.7587,22.4539,15.077124000000001,303.0,3.0,297.0,299.82,21500001.0,-9.913163248841707,0.0,28.255789272802133,58.51722735595903,203484.0,1610612765.0,31.276190000000003,13.99877,10.670571239652544,75.91689028523561,200794.0,1610612737.0,13.17058,17.84979,22.785872406282802,81.54287173821756,200757.0,1610612737.0,10.29315,47.22077,26.78976541796886,57.7426977301009,2594.0,1610612737.0,31.33217,18.883470000000003,34.01900699164659,51.326954582341045,201952.0,1610612737.0,38.154709999999994,33.63556,9.33995927885127,80.91943826628184,201168.0,1610612737.0,8.31305,33.823409999999996,25.35890316723103,58.88990507587018,101141.0,1610612765.0,30.08415,19.86785,11.11295635609625,78.79099497387058,202694.0,1610612765.0,10.56573,34.75914,14.952777180861753,68.69275424249999,202704.0,1610612765.0,20.08318,26.88741,5.464268870763956,81.63236523764333,203083.0,1610612765.0,7.2755399999999995,30.07498,3.0,2594.0,13.42,25.0,299.0,-9.913163248841707,9.492734705739736,-37.917499999999826,0.09975000000004286
0.7286886869576051,-0.7224915994207866,0.7135270410076515,9.819932727274663,73.70014931306584,18.217217173940128,-18.062289985519662,17.838176025191288,15.05221,25.58971,14.93617,306.0,3.0,279.0,280.7,21500001.0,-9.950830179760178,0.0,24.611646241373208,64.77441972500024,203484.0,1610612765.0,25.50304,11.016169999999999,18.629809414655856,81.00146084377984,201952.0,1610612737.0,9.78942,6.9317,20.9010447967177,80.18540249692833,200757.0,1610612737.0,11.1147,45.06138,24.036083849799663,59.48446164196663,200794.0,1610612737.0,29.27145,25.83861,32.33119485184858,58.66350765636334,2594.0,1610612737.0,32.65209,7.84099,10.139270715002139,80.06978013353165,201168.0,1610612737.0,9.22536,34.32745,6.304145140778405,81.49533352257662,101141.0,1610612765.0,7.46858,30.900859999999998,11.9739544831814,77.55901750257864,202694.0,1610612765.0,11.83817,34.99858,7.623234678337014,81.23571577182662,202704.0,1610612765.0,7.83157,17.827189999999998,21.597699313963975,61.91144462582343,203083.0,1610612765.0,26.84092,24.4589,3.0,200794.0,16.73,24.0,280.0,-9.950830179760178,9.907680429696029,-56.30625000000222,0.11004999999997267
0.5344113481205314,0.14535825750299125,-0.5263794546238447,82.06830287413649,9.243647907671514,13.360283703013284,3.6339564375747813,-13.159486365596118,86.81893000000001,15.96031,15.45772599999999,320.0,3.0,229.0,232.65,21500001.0,-9.918790346610498,0.0,78.19311403485922,22.095028003342748,203934.0,1610612737.0,80.68845999999999,4.42813,56.35134319024259,31.90541943533261,203484.0,1610612765.0,59.91927,38.665459999999996,61.07265711234939,23.863772056458295,202704.0,1610612765.0,65.92449,18.03755,75.507101000492,20.21459154913846,203083.0,1610612765.0,78.69277,7.46484,83.67249978779947,14.834832683225654,202694.0,1610612765.0,87.60488000000001,39.79057,81.07129263836183,23.403965263495415,1626169.0,1610612765.0,83.0767,2.29407,62.88615514716177,21.59670343346178,200757.0,1610612737.0,67.88773,19.4158,83.67140296616581,5.5176004138121515,200794.0,1610612737.0,88.73928000000001,30.517590000000002,80.00837034549636,12.095973517749613,201168.0,1610612737.0,84.45525,13.69214,72.67134711136158,11.141572195161677,203471.0,1610612737.0,77.88018000000001,27.44574,3.0,1626169.0,8.58,24.0,230.0,1.9217364095888514,-9.918790346610498,-20.360000000001488,0.5304499999999379
0.7130560332119766,-0.7125673331825944,0.709318963862458,10.059443620121343,73.4584542850338,17.826400830299416,-17.81418332956486,17.73297409656145,15.2937,25.56258,15.962210000000008,356.0,3.0,5.0,9.66,21500001.0,-9.912712254079901,1.0,10.916583619818976,77.43637890506308,1626169.0,1610612765.0,11.80706,16.272070000000003,23.254050932652575,77.36114751461744,203934.0,1610612737.0,14.40122,3.6223,21.76662004672751,83.1707412390836,200757.0,1610612737.0,8.41565,46.53519,26.4876813720737,59.54280035796519,200794.0,1610612737.0,29.97157,34.510059999999996,25.11513510793044,58.39907200880508,203471.0,1610612737.0,30.3552,24.29364,11.643744752445409,86.43036759068019,201143.0,1610612737.0,3.08005,13.56024,21.23045678086555,62.38937109094947,2581.0,1610612765.0,26.391009999999998,23.05321,12.21008766687611,72.28749615827623,202694.0,1610612765.0,16.602420000000002,29.495420000000003,6.438969701287622,84.11668818263175,203083.0,1610612765.0,4.8793,18.57171,10.497373066500975,82.00010823954624,203484.0,1610612765.0,7.3962699999999995,35.27562,3.0,203471.0,5.85,24.0,7.0,-9.912712254079901,9.907523619203385,-47.75125000000213,0.8740499999999596
0.515903142556817,-0.23706671025517778,-0.43633827997724595,83.0598460897376,2.9285632058912476,12.897578563920424,-5.9266677563794445,-10.908456999431149,88.25965,22.112779999999997,12.483403999999997,386.0,4.0,601.0,605.83,21500001.0,-9.681896236177094,0.0,81.14195026400154,7.6393168965359735,203934.0,1610612737.0,86.07579,17.84404,60.84082582336634,27.003390655049227,2581.0,1610612765.0,64.79894,12.528839999999999,84.75627561540266,11.133662299266131,1626169.0,1610612765.0,89.27346,13.87865,86.7303858503633,22.173224387826412,201975.0,1610612765.0,89.09885,47.17048,72.681197685647,16.674154162058716,101141.0,1610612765.0,76.96724,36.79805,76.7156391703869,6.9457543377951385,203382.0,1610612765.0,81.95237,26.426790000000004,80.47142600238672,3.900682357947127,201143.0,1610612737.0,85.68524000000001,27.413,82.0258823337366,14.303639838446715,203118.0,1610612737.0,86.06378000000001,39.04914,83.71438389792044,7.529254372671972,203145.0,1610612737.0,88.6252,17.47178,75.44591826095431,13.175860967640787,203471.0,1610612737.0,80.04481,15.10945,4.0,1626169.0,13.79,13.0,604.0,-1.0989564616317409,-9.681896236177094,-33.80125000000067,0.5592000000000041
0.7483487108293787,0.5070301775583772,-0.6931890092433335,74.41725493692508,9.850351381920342,18.708717770734467,12.67575443895943,-17.329725231083337,79.58023,28.59788,15.961993999999994,391.0,4.0,551.0,554.52,21500001.0,-9.644756929196236,0.0,73.31437840977783,10.1989622811392,203934.0,1610612737.0,78.56275,24.51136,60.353693192272,25.303438342385412,101141.0,1610612765.0,64.97787,33.6689,70.4934504581447,25.152113380288746,201975.0,1610612765.0,72.96825,44.58482,82.13248760737314,3.506017765970389,203382.0,1610612765.0,87.32008,21.79883,64.34745043179645,19.692946124754926,1626169.0,1610612765.0,69.47175,20.9799,54.694699206568465,30.09399261143326,2581.0,1610612765.0,59.490190000000005,17.96353,82.17110077692095,2.151779006055225,201143.0,1610612737.0,87.40395,23.32122,60.56685281796307,24.556640655285072,203118.0,1610612737.0,65.35518,32.46398,76.73542978789197,11.778722117976129,203145.0,1610612737.0,81.42867,34.22694,64.38205224769168,20.296362768350882,203471.0,1610612737.0,69.35393,19.02214,4.0,101141.0,9.49,25.0,553.0,8.439142400880431,-9.644756929196236,11.746249999997627,1.3602999999999366
0.6069677200642566,-0.6063959539738235,0.5276760697837233,6.836100209008057,77.62989801659924,15.174193001606415,-15.159898849345588,13.191901744593082,11.1936,21.62274,14.55777,393.0,4.0,539.0,542.46,21500001.0,-9.794096909374199,0.0,9.825166227194329,76.07592609618368,1626169.0,1610612765.0,12.922080000000001,31.13784,23.88683130299622,60.78023708161889,203118.0,1610612737.0,28.29547,31.28387,15.912739129653321,71.14198483742494,203471.0,1610612737.0,18.20978,15.7664,18.16531085325269,84.07649914450113,203934.0,1610612737.0,6.64743,43.11148,21.209462477519324,68.47802449388637,203145.0,1610612737.0,21.61438,38.49253,8.983959351449672,74.62011247397379,201143.0,1610612737.0,14.141020000000001,23.71109,13.97966350402255,75.44370988813911,2581.0,1610612765.0,14.08789,14.168439999999999,4.565766637849552,79.91510267146819,101141.0,1610612765.0,8.882769999999999,27.76572,16.74607891129443,79.03550701364102,201975.0,1610612765.0,11.27437,40.62492,7.822885247458254,75.91556970473778,203382.0,1610612765.0,12.85643,23.1725,4.0,203471.0,13.5,21.0,540.0,-9.794096909374199,7.556050822756699,-19.162499999999525,0.08159999999999279
0.8084753453878462,-0.8061568670231374,0.7943808887039125,10.080198104412434,73.47074427160922,20.211883634696154,-20.153921675578435,19.859522217597814,15.28539,25.94939,15.7073,396.0,4.0,501.0,504.22,21500001.0,-9.941864312934777,0.0,9.77755910915398,80.72342517592399,1626169.0,1610612765.0,8.55287,34.20281,26.2521278898778,65.60881906227621,203471.0,1610612737.0,25.35124,41.885329999999996,25.863515848022285,57.88222475009837,203118.0,1610612737.0,30.94353,27.9604,22.907049024693254,76.69949585896703,203145.0,1610612737.0,14.91569,45.76794,5.5530760375489185,81.68688568845552,201143.0,1610612737.0,7.22808,19.81118,24.08725268332609,74.0826942128214,203934.0,1610612737.0,17.61048,4.3260000000000005,16.52256546270282,71.321854360843,2581.0,1610612765.0,18.17478,35.292970000000004,24.631916661033504,58.868248813737445,101141.0,1610612765.0,29.8818,24.92419,12.131936348407041,77.01678122047038,201975.0,1610612765.0,12.36287,15.17193,3.78169811859699,81.83125118596317,203382.0,1610612765.0,6.987710000000001,21.641189999999998,4.0,203118.0,3.46,25.0,502.0,-9.941864312934777,9.850955739199165,-28.911250000001054,0.8015999999999579
0.7566170710471676,0.5240099743693492,-0.7272672584432449,79.25700455702447,8.496681784802819,18.91542677617919,13.100249359233729,-18.181681461081123,84.18251,32.164609999999996,14.606063999999995,413.0,4.0,430.0,433.83,21500001.0,-9.813471527004191,1.0,63.46390592816204,21.839301858314972,203471.0,1610612737.0,68.26175,32.56219,52.734710488043824,30.924035963272974,2581.0,1610612765.0,57.926069999999996,22.51377,74.65469151038064,18.973722210206937,202694.0,1610612765.0,78.21749,40.7819,56.64800421802696,28.73248478439691,203484.0,1610612765.0,61.2721,16.602339999999998,74.3688918165613,9.59956353296336,203382.0,1610612765.0,79.56635,27.79503,76.82310503152875,6.68045856848915,101141.0,1610612765.0,82.07282,25.20927,71.44765347613455,16.880713173494772,2594.0,1610612737.0,75.86113,35.90117,78.27774442794964,5.256908095772645,200794.0,1610612737.0,83.52557,24.41655,64.32098543462313,21.20606604915206,201952.0,1610612737.0,69.08079000000001,17.07413,74.04425663333113,18.65059490693527,203118.0,1610612737.0,77.74675,40.05899,4.0,202694.0,1.51,19.0,431.0,5.1990571798045515,-9.813471527004191,-39.15375000000165,1.6107999999999567
0.736126219136361,0.10238923511703035,-0.7277251983290753,83.4166892800919,5.4300700226976835,18.403155478409026,2.559730877925759,-18.193129958226884,88.49016999999999,19.57615,13.842291999999986,423.0,4.0,397.0,401.62,21500001.0,-9.965583609963822,0.0,78.77172273476059,11.07024763056365,203471.0,1610612737.0,83.42175999999999,15.29638,84.30280149122981,18.655825076090846,202694.0,1610612765.0,87.47259,6.38796,58.11417198846165,28.787382755375656,202704.0,1610612765.0,62.260740000000006,13.72913,64.83279081690222,27.988083805580544,203484.0,1610612765.0,67.47879,43.18979,78.52713057106124,8.195582085764256,101141.0,1610612765.0,83.52301,31.312379999999997,86.49219447493283,3.6825948853491925,203083.0,1610612765.0,91.7146,27.18464,83.09072884154104,14.541287061966008,2594.0,1610612737.0,87.07557,10.555439999999999,85.6009360640186,3.361848455269808,200794.0,1610612737.0,90.80969,27.657009999999996,67.41073529362812,22.165836614655447,201952.0,1610612737.0,71.26876,38.6283,77.87986097581069,7.860645368644998,203118.0,1610612737.0,82.949,30.304540000000003,4.0,202694.0,23.35,15.0,399.0,0.06641353931456068,-9.965583609963822,-40.47875000000145,0.4077999999999804
0.5697259900162529,-0.5696889561786032,0.4650229430462218,5.552860354312902,78.93618528985614,14.243149750406323,-14.242223904465078,11.625573576155546,9.87373,21.92504,13.387228000000004,425.0,4.0,383.0,384.74,21500001.0,-9.865362889997861,0.0,11.0737778553211,73.1179634972761,203484.0,1610612765.0,15.72091,28.60397,25.456236471501438,72.33802281852194,2594.0,1610612737.0,19.54629,3.93733,27.354190690570615,59.14190391199882,201952.0,1610612737.0,30.53585,35.43444,24.19148137608981,75.7820839062222,203118.0,1610612737.0,16.11559,46.61404,15.063948622432966,86.81570588378177,203471.0,1610612737.0,3.22728,10.07247,18.185553071482317,68.88930802755752,200794.0,1610612737.0,20.562739999999998,15.19009,5.511974646757727,81.61165495507673,101141.0,1610612765.0,7.29892,30.117009999999997,16.47165561545044,76.9625019000422,202694.0,1610612765.0,13.156220000000001,10.54984,4.660636677890696,81.626889835662,202704.0,1610612765.0,7.23217,20.781879999999997,16.571473132374198,71.79904979717351,203083.0,1610612765.0,17.77551,14.149870000000002,4.0,200794.0,9.14,19.0,383.0,-9.865362889997861,7.381527609878626,-7.9925000000025115,1.79939999999994
0.7330766918269764,0.5998280227348971,-0.7318584221506335,76.77530004801348,8.3717517559051,18.32691729567441,14.995700568372428,-18.296460553765836,81.87640999999999,20.220879999999998,17.86507400000001,427.0,4.0,356.0,359.78,21500001.0,-9.982679783123604,0.0,64.89108653008131,25.897881593954743,203471.0,1610612737.0,68.19852,9.24129,59.88841884613167,30.305863160281383,202704.0,1610612765.0,62.977109999999996,9.056239999999999,56.38067859125234,32.6532171219024,202694.0,1610612765.0,59.64999,39.8129,70.60491172931951,26.409477281934223,101141.0,1610612765.0,72.67421,4.04697,75.71385055911766,13.26144435905833,203083.0,1610612765.0,80.27378,14.800999999999998,85.75628760321018,22.64922809908762,203484.0,1610612765.0,87.96499,47.63562,72.65656674155821,12.544543860599306,2594.0,1610612737.0,77.66833000000001,30.87896,75.95700322162335,11.180635867861005,200794.0,1610612737.0,80.79916,17.13929,82.03550819954978,6.917658965170229,201952.0,1610612737.0,87.0118,31.69572,74.79518655911288,15.622765197381034,203118.0,1610612737.0,79.03742,12.76331,4.0,202704.0,0.71,27.0,358.0,8.174815164988757,-9.982679783123604,-8.791249999999806,0.766750000000016
0.7187257404601566,-0.704801684423817,0.713505538492754,9.915400039842064,74.04123565926017,17.968143511503914,-17.620042110595424,17.83763846231885,14.76174,22.19965,16.270269999999996,436.0,4.0,313.0,317.12,21500001.0,-9.910767790697781,0.0,8.513329765643995,78.66415011743659,203484.0,1610612765.0,10.37981,18.20575,21.563988218444194,75.92863799572068,2594.0,1610612737.0,15.26256,44.09854,25.71016026220373,59.128981647819714,203118.0,1610612737.0,30.022609999999997,18.12031,26.85337898326019,60.443404874465834,201952.0,1610612737.0,29.441309999999998,36.65695,3.9473186753795275,81.51938122143102,200794.0,1610612737.0,7.30043,21.627010000000002,14.451481481720137,77.04116073253635,203471.0,1610612737.0,12.709610000000001,12.62262,22.605955723083245,61.57979826334282,101141.0,1610612765.0,27.353040000000004,20.25818,10.86073385914598,80.84476334283625,202694.0,1610612765.0,8.569339999999999,35.34106,13.210575935397365,72.531866903761,202704.0,1610612765.0,16.5428,31.85507,2.4007751429069737,82.05824627230831,203083.0,1610612765.0,6.71382,23.09712,4.0,203118.0,16.72,25.0,316.0,-9.910767790697781,9.490531019055574,-14.396249999999444,0.8788000000000018
0.7089033872820748,0.037311894626469666,-0.7053189595819731,83.25146217010847,11.414628485456722,17.72258468205187,0.9327973656617417,-17.632973989549328,87.72163,13.631789999999999,16.050158000000003,454.0,4.0,275.0,277.61,21500001.0,-9.968661280545392,0.0,83.98139443466273,21.37152337084093,203934.0,1610612737.0,86.4978,3.7474800000000004,59.688095123440654,30.27651333071396,202694.0,1610612765.0,62.844319999999996,9.32955,80.82725785510851,15.370822436558168,1626169.0,1610612765.0,84.70529,39.82911,75.95349499589469,12.607305504801575,203083.0,1610612765.0,80.59275,15.387329999999999,67.28788526680417,25.50841731034287,202704.0,1610612765.0,70.21545,42.525690000000004,83.94108304817433,21.614435993115805,203484.0,1610612765.0,86.39474,3.51427,80.5139110622537,7.831337978947146,2594.0,1610612737.0,85.45006,32.102129999999995,71.88285661454059,15.283410779881557,200794.0,1610612737.0,76.54229000000001,15.80465,78.80389853418802,8.256118590875499,201143.0,1610612737.0,83.77779,18.40905,72.16138937252317,13.098912785910894,201952.0,1610612737.0,77.1538,31.09177,4.0,203484.0,14.07,24.0,276.0,0.014179402207595504,-9.968661280545392,-69.19875000000242,1.3166999999999707
0.7642152650922338,0.22514710677283745,-0.7547915108634964,78.61177811580461,9.831988025241898,19.105381627305846,5.628677669320936,-18.869787771587408,83.42600999999999,16.73422,14.624084000000016,464.0,4.0,223.0,226.2,21500001.0,-9.77587337020668,0.0,70.05941381488286,15.262296487914266,203934.0,1610612737.0,74.99631,31.61617,71.74144382022779,11.880236589012034,202704.0,1610612765.0,76.97421999999999,23.42805,83.70894721429782,5.219753224636201,202694.0,1610612765.0,88.79606,19.78045,82.52660627177154,4.344843234916535,203083.0,1610612765.0,87.66924,29.20828,73.85458831653048,23.992644402070397,1626169.0,1610612765.0,76.21469,4.54241,49.59980421075974,36.8554792092804,203484.0,1610612765.0,53.59769,36.07436,71.33707060839616,24.638418841055934,2594.0,1610612737.0,73.83788,5.38673,79.43380599256024,8.63998058236823,200794.0,1610612737.0,84.33581,17.57274,81.71347281897215,3.0081290093511632,201143.0,1610612737.0,86.9284,27.39387,79.79950739243006,9.406868239456742,201952.0,1610612737.0,84.60163,33.44276,4.0,1626169.0,2.82,25.0,224.0,3.42695938273712,-9.77587337020668,-2.5187499999979046,2.124650000000017
0.7584713972853568,0.33656081481603906,-0.755895556677717,79.3642034693942,7.443801604785013,18.96178493213392,8.414020370400976,-18.897388916942926,84.38483000000001,31.02955,13.365682000000001,480.0,4.0,127.0,130.67,21500001.0,-9.975200533057677,1.0,71.77367537880862,19.011607701154578,203934.0,1610612737.0,75.68275,38.80899,82.98469611526512,2.714910558913495,203083.0,1610612765.0,88.19215,22.343020000000003,73.89927093172706,19.741235631054096,202694.0,1610612765.0,77.36758,41.12938,83.48295007512912,12.69515629074727,202704.0,1610612765.0,87.76788,12.342889999999999,77.55712163614119,8.80505516639163,101141.0,1610612765.0,82.55436,18.743560000000002,54.37889963973618,29.341594299364512,203484.0,1610612765.0,59.55171,22.103620000000003,70.27941719670135,13.631288328987836,2594.0,1610612737.0,75.46338,28.04594,79.0862660265523,7.945912409698463,200794.0,1610612737.0,84.07485,18.57501,81.39520662207326,2.3042745170660592,201143.0,1610612737.0,86.63994,24.07408,85.43143237403899,4.914256554149364,201952.0,1610612737.0,90.55915999999999,20.43088,4.0,202694.0,2.2,20.0,129.0,4.28056188041312,-9.975200533057677,-0.0012499999990644994,1.1380999999999641
0.5397993602256277,0.15249872575400047,-0.5315030768886171,82.09323918562842,8.764409848289846,13.494984005640692,3.812468143850012,-13.287576922215427,86.89511999999999,16.43412,16.099894,488.0,4.0,105.0,108.47,21500001.0,-9.910447355690243,1.0,79.80084985658986,12.60138872640631,203934.0,1610612737.0,84.18191999999999,36.74426,74.11478089260333,25.280506259934743,202694.0,1610612765.0,76.06525,46.86781,59.88603570423159,24.754636987209082,202704.0,1610612765.0,64.80566,31.28177,60.22959135518104,23.288311978589178,101141.0,1610612765.0,65.4746,24.224610000000002,81.68823495013343,23.051624655720037,203484.0,1610612765.0,83.77599000000001,2.4914099999999997,81.80100238845792,2.385215243222301,203083.0,1610612765.0,87.03421999999999,26.656909999999996,81.68823495013343,23.051624655720037,2594.0,1610612737.0,83.77599000000001,2.4914099999999997,75.8872128073248,9.27259066627013,200794.0,1610612737.0,80.96939,19.95589,81.76009911710356,2.4660773788752044,201143.0,1610612737.0,86.99181,26.72925,77.54091497611567,8.777019729566524,201952.0,1610612737.0,82.54226,31.20484,4.0,203484.0,13.12,25.0,107.0,2.413004173852574,-9.910447355690243,-8.299999999996643,0.4611000000000587
0.5613039969570861,0.4457468517119878,-0.5465104073774203,79.87587477120736,5.593715264973716,14.032599923927153,11.143671292799695,-13.662760184435507,85.01716,29.166,12.88558000000001,494.0,4.0,89.0,93.65,21500001.0,-9.462097458842951,1.0,80.6475845246837,18.041724686570294,203934.0,1610612737.0,83.99718,42.40444,74.69316779508685,13.654080169128934,202694.0,1610612765.0,79.29123,34.84711,52.3950119155402,32.21250647853408,202704.0,1610612765.0,57.2251,18.37986,85.64848058050825,21.76075264667332,101141.0,1610612765.0,88.09061,46.75076,53.962985832480584,29.560315626807842,203484.0,1610612765.0,59.20474,24.05667,74.42051703740441,10.098871526789518,203083.0,1610612765.0,79.55345,20.82739,75.92675577759464,9.337623515140237,2594.0,1610612737.0,80.99809,30.205679999999997,78.90658580374772,6.322163648957523,200794.0,1610612737.0,84.04359000000001,20.77869,81.76092539339926,10.40530399291631,201143.0,1610612737.0,86.38071,35.13197,65.49274997361158,19.281880590492204,201952.0,1610612737.0,70.45814,18.900920000000003,4.0,202694.0,15.97,17.0,92.0,6.754810475040182,-9.462097458842951,-45.67125000000116,1.1157499999999931
0.7978858944109758,-0.7882541821516469,0.6737142156404019,7.155095367987766,78.01662489319183,19.947147360274393,-19.706354553791172,16.842855391010048,10.85989,20.558770000000003,13.788310000000006,508.0,4.0,44.0,46.9,21500001.0,-9.907962903120373,0.0,19.810642140205857,63.80707603398937,203484.0,1610612765.0,24.97077,26.88488,20.853587686450986,77.56086731977989,203934.0,1610612737.0,13.58194,44.11677,13.793391373570897,70.62091953227812,201143.0,1610612737.0,18.27511,20.460820000000002,28.49606095457581,64.2549265809782,200794.0,1610612737.0,27.1397,6.75537,19.773968502060985,69.60380313115441,2594.0,1610612737.0,20.33126,12.21073,25.11287783676335,58.893144450302536,201952.0,1610612737.0,30.007509999999996,29.20979,6.755399477899141,80.67075406927842,101141.0,1610612765.0,8.30458,31.02536,12.537941628979615,77.91529734456321,202694.0,1610612765.0,11.589260000000001,14.18271,16.41335210710171,71.44892061740121,202704.0,1610612765.0,18.044610000000002,14.71914,7.705384919061474,76.4859658156377,203083.0,1610612765.0,12.32497,21.9475,4.0,2594.0,17.04,21.0,45.0,-9.907962903120373,7.495130576948814,-7.162500000000849,1.0955499999999674
0.7897998914282038,-0.7894781264292714,0.751030709398151,10.347446309428236,73.51502074492328,19.744997285705097,-19.736953160731783,18.775767734953774,15.279110000000001,22.453120000000002,15.310309999999992,538.0,4.0,12.0,16.19,21500001.0,-9.988933593674833,0.0,15.7383802185263,73.39130242680599,203484.0,1610612765.0,16.23002,36.27545,24.457423969568016,61.18472445984537,2594.0,1610612737.0,28.16524,16.45264,21.862824081515637,83.7492820077838,203934.0,1610612737.0,7.86252,3.2938300000000003,27.549228195650052,66.7029676564394,200794.0,1610612737.0,24.90224,5.693280000000001,26.63860249839131,67.80501775729654,201952.0,1610612737.0,23.71913,44.19652,25.840853753705584,58.894171381558635,201143.0,1610612737.0,30.2289,31.618479999999998,15.772514460570326,72.09019054218749,101141.0,1610612765.0,17.36992,14.90645,9.302229644235837,82.59540257395747,202694.0,1610612765.0,6.66785,15.806460000000001,22.210802219336877,63.694488342607016,202704.0,1610612765.0,25.66067,16.24076,4.955369129509928,78.79774776736768,203083.0,1610612765.0,9.96689,26.518759999999997,4.0,2594.0,,25.0,14.0,-9.988933593674833,9.422055814161283,-64.25500000000083,0.9166999999999259
0.6514002572919343,-0.6451882215836786,0.6374704312925559,9.408320576691677,74.59737801071697,16.285006432298356,-16.129705539591964,15.936760782313897,14.208070000000001,22.12433,15.945513999999998,546.0,4.0,2.0,6.39,21500001.0,-9.89223308275036,0.0,12.381640582806464,79.76147198692988,203484.0,1610612765.0,9.82283,36.50627,23.114982065154194,76.77630881901266,2594.0,1610612737.0,14.9024,46.00318,24.611562698556952,60.621532877889194,201143.0,1610612737.0,28.621309999999998,17.28567,26.98732596722395,66.64157743377028,203934.0,1610612737.0,24.76776,6.36206,33.41731659073182,54.0259878958747,201952.0,1610612737.0,36.20904,37.57994,31.929535673507687,51.58141776188204,200794.0,1610612737.0,37.17277,25.65727,8.384759533403447,76.09085833681337,101141.0,1610612765.0,12.75141,21.25393,16.9198670539251,72.89099485617206,202694.0,1610612765.0,16.89931,12.72908,12.79340414940449,71.51120044951001,202704.0,1610612765.0,17.3582,29.1307,8.405670546113498,75.09433006112911,203083.0,1610612765.0,13.65567,24.99697,4.0,201143.0,,24.0,5.0,-9.89223308275036,9.191686372431521,-31.341249999997654,0.16740000000008415
